float_id,date,latitude,longitude,depth,temperature,salinity,pressure,oxygen,pH,conductivity,region
1,2023-01-01,-15.055,71.338,200,29.88,37.48,3746.4,3.73,7.69,4.15,Pacific Ocean
2,2023-01-02,54.086,12.995,1000,29.19,38.12,1458.0,4.39,8.39,4.38,Indian Ocean
3,2023-01-03,27.839,-68.57,100,18.81,36.56,2535.4,7.52,8.25,3.91,Arabian Sea
4,2023-01-04,11.839,112.966,500,4.39,31.28,2824.9,7.96,8.41,5.8,Pacific Ocean
5,2023-01-05,-41.278,66.503,10,19.77,33.38,2476.2,2.27,8.26,3.36,Bay of Bengal
6,2023-01-06,-41.281,-121.458,500,0.31,39.28,1484.1,6.57,8.1,5.8,Bay of Bengal
7,2023-01-07,-53.03,147.934,1000,-1.02,32.25,2675.8,4.23,8.15,5.05,Indian Ocean
8,2023-01-08,43.941,116.113,1000,6.25,33.72,4004.7,4.35,8.39,4.59,Indian Ocean
9,2023-01-09,12.134,161.928,10,12.8,34.32,1284.0,6.53,8.08,3.1,Indian Ocean
10,2023-01-10,24.969,81.259,50,25.78,34.39,1320.7,7.51,8.13,4.43,Bay of Bengal
11,2023-01-11,-57.53,40.829,10,21.27,36.13,2419.1,7.71,7.66,4.22,Pacific Ocean
12,2023-01-12,56.389,-29.433,200,21.77,39.43,4766.9,5.46,7.97,3.48,Bay of Bengal
13,2023-01-13,39.893,155.782,100,11.62,32.41,3674.3,4.14,8.22,4.97,Arabian Sea
14,2023-01-14,-34.519,131.783,50,9.07,31.22,3714.7,6.73,7.77,5.91,Bay of Bengal
15,2023-01-15,-38.181,-163.721,10,9.87,31.97,2447.7,3.51,7.7,4.69,Arabian Sea
16,2023-01-16,-37.991,-170.508,500,29.6,38.87,3374.6,5.38,7.81,5.14,Pacific Ocean
17,2023-01-17,-23.491,-44.473,50,-0.72,36.46,1040.5,4.15,7.74,3.21,Indian Ocean
18,2023-01-18,2.971,111.799,50,25.75,32.86,3544.4,5.94,7.71,4.25,Indian Ocean
19,2023-01-19,-8.167,175.419,10,16.52,38.16,4653.1,3.44,7.92,3.35,Bay of Bengal
20,2023-01-20,-25.053,-125.85,50,12.04,38.61,3450.3,3.15,8.41,4.84,Indian Ocean
21,2023-01-21,13.422,33.887,500,21.21,38.47,4494.8,7.51,8.01,5.82,Pacific Ocean
22,2023-01-22,-43.261,-42.879,1000,13.57,39.19,3895.9,2.61,7.69,4.99,Indian Ocean
23,2023-01-23,-24.943,169.169,50,25.95,32.52,1482.2,5.04,7.58,3.23,Bay of Bengal
24,2023-01-24,-16.037,123.163,1000,26.82,37.55,4609.8,3.33,8.2,4.06,Pacific Ocean
25,2023-01-25,-5.272,121.798,500,11.5,34.61,1265.8,2.23,7.88,4.65,Arabian Sea
26,2023-01-26,34.221,-11.27,10,6.86,38.42,3135.9,2.22,8.32,4.21,Bay of Bengal
27,2023-01-27,-36.039,-30.665,100,16.96,37.28,1568.5,3.05,8.16,5.5,Arabian Sea
28,2023-01-28,1.708,-81.573,50,27.2,37.76,1046.8,7.2,8.3,5.44,Pacific Ocean
29,2023-01-29,11.09,-159.705,100,4.74,36.56,2688.1,3.69,7.77,4.84,Bay of Bengal
30,2023-01-30,-54.426,131.3,500,17.93,31.77,2180.2,7.7,8.19,4.12,Bay of Bengal
31,2023-01-31,12.905,112.644,50,18.21,35.45,2944.0,5.49,7.76,3.77,Pacific Ocean
32,2023-02-01,-39.537,179.898,1000,21.46,39.85,3308.8,4.62,8.44,3.32,Indian Ocean
33,2023-02-02,-52.194,178.789,200,2.21,39.37,1175.0,5.48,8.14,4.06,Bay of Bengal
34,2023-02-03,53.866,19.955,100,20.91,30.43,1492.0,5.1,7.82,4.24,Bay of Bengal
35,2023-02-04,55.876,96.835,50,27.09,31.65,3234.6,6.55,7.77,5.03,Arabian Sea
36,2023-02-05,37.008,160.116,100,3.75,31.32,2372.7,3.69,7.69,4.97,Indian Ocean
37,2023-02-06,-23.446,125.873,50,5.6,37.26,3916.7,4.12,8.19,3.21,Arabian Sea
38,2023-02-07,-48.279,-90.955,10,29.08,38.18,3609.2,7.36,7.72,4.19,Arabian Sea
39,2023-02-08,22.108,-17.804,1000,3.79,32.14,4382.4,7.68,8.1,3.55,Indian Ocean
40,2023-02-09,-7.182,-133.503,100,25.34,35.06,3770.0,7.36,7.76,3.47,Indian Ocean
41,2023-02-10,-45.355,163.458,200,13.75,38.41,2719.7,4.52,8.16,5.48,Pacific Ocean
42,2023-02-11,-0.579,38.223,200,5.91,37.33,3691.9,6.68,8.31,3.13,Indian Ocean
43,2023-02-12,-55.873,-97.689,500,25.86,35.42,2101.5,4.86,8.28,4.26,Bay of Bengal
44,2023-02-13,49.118,61.812,50,12.25,35.9,2225.3,4.99,8.26,3.5,Indian Ocean
45,2023-02-14,-28.946,42.526,100,14.47,35.08,4155.9,3.23,7.69,5.64,Pacific Ocean
46,2023-02-15,19.503,-51.061,500,9.5,32.98,2785.7,5.55,7.59,4.67,Pacific Ocean
47,2023-02-16,-22.595,-139.119,100,16.97,35.65,4193.5,3.12,8.2,3.69,Pacific Ocean
48,2023-02-17,2.408,61.766,50,3.23,36.89,4289.7,3.99,7.87,4.51,Indian Ocean
49,2023-02-18,5.605,7.311,200,10.51,38.73,4430.2,7.13,7.93,5.19,Indian Ocean
50,2023-02-19,-37.817,98.035,10,29.02,36.36,4666.5,3.24,7.53,5.87,Arabian Sea
51,2023-02-20,56.35,7.259,200,6.26,37.61,2723.9,2.43,7.76,3.66,Arabian Sea
52,2023-02-21,33.016,126.785,500,19.02,31.6,2275.5,2.41,7.53,5.66,Bay of Bengal
53,2023-02-22,52.74,18.686,1000,8.41,34.62,3328.8,7.64,8.38,5.8,Arabian Sea
54,2023-02-23,47.379,21.938,10,22.75,30.09,2484.7,5.04,7.74,5.75,Bay of Bengal
55,2023-02-24,11.748,135.595,500,2.19,32.47,3404.3,4.46,8.06,4.91,Pacific Ocean
56,2023-02-25,50.625,-34.746,50,29.03,37.26,3822.3,6.87,7.54,4.89,Arabian Sea
57,2023-02-26,-49.381,-131.755,10,12.52,39.92,3753.6,7.01,8.17,4.21,Indian Ocean
58,2023-02-27,-36.482,-169.638,500,5.55,30.99,2498.2,3.99,7.82,5.26,Arabian Sea
59,2023-02-28,-54.573,91.849,50,0.35,34.01,1667.4,6.16,8.4,4.59,Bay of Bengal
60,2023-03-01,-20.96,43.311,200,3.43,38.0,2722.1,6.63,8.39,5.03,Arabian Sea
61,2023-03-02,-13.359,73.469,1000,14.63,32.04,1570.4,5.93,7.83,4.29,Pacific Ocean
62,2023-03-03,-27.438,-103.333,50,8.78,35.55,4560.4,2.91,8.4,5.19,Indian Ocean
63,2023-03-04,39.449,-130.906,100,24.52,37.33,2383.5,7.26,8.5,5.47,Bay of Bengal
64,2023-03-05,-17.19,-174.764,50,11.79,36.16,1617.8,5.23,8.33,3.44,Indian Ocean
65,2023-03-06,-26.288,-53.788,50,5.96,31.88,1101.8,3.69,8.34,5.5,Indian Ocean
66,2023-03-07,5.124,32.37,1000,17.75,33.55,3583.3,4.55,7.75,4.62,Bay of Bengal
67,2023-03-08,-43.089,-38.792,100,20.62,37.84,3547.6,2.23,8.08,5.53,Indian Ocean
68,2023-03-09,36.264,-22.509,500,3.35,35.54,2362.4,2.77,7.57,4.29,Indian Ocean
69,2023-03-10,-51.054,145.497,500,3.36,30.05,1286.8,6.59,7.59,4.14,Arabian Sea
70,2023-03-11,58.426,-54.628,50,-0.83,37.61,2638.5,2.0,8.5,5.75,Indian Ocean
71,2023-03-12,32.669,5.036,100,21.56,30.35,2244.9,4.5,7.83,3.75,Indian Ocean
72,2023-03-13,-36.154,102.115,100,19.24,37.46,3708.5,5.14,8.25,5.53,Indian Ocean
73,2023-03-14,-59.337,-37.245,1000,13.19,32.02,3423.1,2.33,8.31,4.45,Indian Ocean
74,2023-03-15,37.855,43.951,200,25.01,39.58,2458.4,7.84,8.36,4.54,Bay of Bengal
75,2023-03-16,24.823,130.451,500,23.78,33.68,1871.6,3.36,8.5,3.93,Pacific Ocean
76,2023-03-17,27.481,161.827,1000,16.73,33.27,4952.1,3.83,7.74,4.72,Arabian Sea
77,2023-03-18,32.552,-127.054,10,25.78,31.49,2816.0,3.82,7.54,3.98,Indian Ocean
78,2023-03-19,-51.115,153.572,500,4.59,33.06,3753.1,3.38,7.91,3.12,Indian Ocean
79,2023-03-20,-16.984,-2.838,1000,1.58,38.77,1562.2,2.01,7.63,3.82,Bay of Bengal
80,2023-03-21,-46.096,-87.032,500,6.63,39.96,2942.4,6.38,7.52,3.02,Pacific Ocean
81,2023-03-22,43.572,-14.711,200,-0.17,33.68,1110.1,7.8,7.86,5.94,Indian Ocean
82,2023-03-23,14.796,172.812,10,15.0,34.49,3021.8,3.35,8.28,5.9,Bay of Bengal
83,2023-03-24,-20.292,-2.657,200,27.97,37.22,4856.1,5.98,8.07,4.19,Arabian Sea
84,2023-03-25,-52.373,-61.649,10,-0.74,38.86,2536.8,6.45,7.81,5.19,Arabian Sea
85,2023-03-26,-22.682,48.024,50,1.91,35.93,1156.0,7.09,8.15,4.04,Indian Ocean
86,2023-03-27,-20.978,-93.548,1000,12.47,33.92,1123.8,4.54,7.73,5.01,Indian Ocean
87,2023-03-28,27.553,-152.689,10,27.88,34.13,2551.9,3.82,7.51,5.42,Pacific Ocean
88,2023-03-29,16.507,-133.603,200,8.12,36.96,1640.1,3.95,8.26,5.84,Pacific Ocean
89,2023-03-30,46.466,-133.903,500,14.23,30.03,1093.4,6.28,8.12,4.2,Indian Ocean
90,2023-03-31,-3.334,-125.315,10,-0.67,36.2,4024.9,6.9,8.26,5.35,Bay of Bengal
91,2023-04-01,-45.649,-130.022,1000,2.75,33.55,2834.1,3.09,7.54,3.8,Pacific Ocean
92,2023-04-02,25.589,50.715,10,29.57,37.94,2157.0,4.23,8.34,5.97,Indian Ocean
93,2023-04-03,31.294,-114.523,100,28.88,30.93,4600.3,7.41,8.12,3.08,Pacific Ocean
94,2023-04-04,7.353,-55.56,500,-1.84,35.88,1464.6,6.84,8.06,4.81,Indian Ocean
95,2023-04-05,32.516,142.844,1000,28.46,34.81,4823.7,7.91,8.12,4.98,Arabian Sea
96,2023-04-06,-0.745,-9.374,1000,18.45,36.42,2255.9,6.53,8.36,5.06,Indian Ocean
97,2023-04-07,2.728,60.321,50,25.77,30.65,4553.6,4.36,8.09,3.36,Arabian Sea
98,2023-04-08,-8.695,-117.965,200,12.55,35.8,3411.8,5.54,8.08,5.82,Pacific Ocean
99,2023-04-09,-56.95,-110.776,50,14.5,35.61,4306.8,5.97,8.49,3.54,Indian Ocean
100,2023-04-10,-47.053,-165.287,1000,13.64,35.61,4936.1,2.47,8.26,4.87,Pacific Ocean
101,2023-04-11,-56.228,-119.183,500,19.34,36.03,2153.6,5.27,7.94,3.67,Arabian Sea
102,2023-04-12,16.369,-79.707,10,2.47,36.76,4844.5,6.26,8.21,3.92,Indian Ocean
103,2023-04-13,-22.277,-116.276,10,-1.04,38.05,2557.9,3.0,7.89,4.64,Pacific Ocean
104,2023-04-14,1.028,-148.067,500,7.85,32.7,2542.0,6.68,7.73,4.25,Arabian Sea
105,2023-04-15,48.908,-136.571,1000,20.55,38.25,2361.5,5.5,8.1,3.48,Pacific Ocean
106,2023-04-16,-30.085,-14.12,10,4.46,34.98,3165.6,7.71,8.43,3.51,Bay of Bengal
107,2023-04-17,-10.754,-105.72,10,19.55,30.77,1616.6,2.25,8.43,4.25,Arabian Sea
108,2023-04-18,30.666,-48.863,10,29.04,30.59,3214.8,3.59,7.84,5.27,Arabian Sea
109,2023-04-19,-32.544,1.23,200,1.0,33.34,3166.8,5.61,8.03,5.69,Arabian Sea
110,2023-04-20,-50.762,68.542,200,19.52,37.85,4047.6,3.78,7.71,3.25,Indian Ocean
111,2023-04-21,-25.23,-165.848,100,12.2,37.08,4334.6,6.29,8.5,4.18,Indian Ocean
112,2023-04-22,-40.653,107.788,50,25.78,37.89,2761.8,6.55,8.48,3.3,Indian Ocean
113,2023-04-23,51.564,46.044,500,3.67,35.17,2209.3,2.62,8.15,3.05,Bay of Bengal
114,2023-04-24,36.974,-150.567,500,20.16,34.4,2037.3,5.08,8.3,4.99,Bay of Bengal
115,2023-04-25,16.008,134.488,500,24.82,31.47,1778.5,5.05,8.22,4.81,Arabian Sea
116,2023-04-26,44.575,151.514,100,28.23,33.28,1230.6,4.22,8.09,3.49,Bay of Bengal
117,2023-04-27,36.441,-158.012,200,19.86,34.34,2369.8,7.6,7.55,3.7,Pacific Ocean
118,2023-04-28,-37.612,-80.324,1000,13.91,30.89,2081.0,6.97,7.95,3.07,Arabian Sea
119,2023-04-29,47.107,110.232,1000,17.77,32.21,4865.7,6.18,8.17,5.5,Arabian Sea
120,2023-04-30,4.721,89.373,100,25.8,35.98,3230.8,6.29,8.18,5.92,Pacific Ocean
121,2023-05-01,36.893,-113.572,1000,16.26,37.36,2389.1,4.77,7.87,3.41,Arabian Sea
122,2023-05-02,47.531,-104.634,500,-1.03,39.98,3321.9,7.53,8.44,3.69,Bay of Bengal
123,2023-05-03,-21.84,-46.63,50,27.79,39.33,1556.8,6.17,7.67,5.61,Indian Ocean
124,2023-05-04,-46.794,-5.572,10,20.06,36.43,2776.2,6.37,8.0,5.78,Pacific Ocean
125,2023-05-05,-32.648,42.572,200,19.65,34.21,3504.9,7.17,8.19,4.26,Bay of Bengal
126,2023-05-06,-8.747,-47.191,200,4.9,36.36,2955.6,3.64,8.2,3.15,Pacific Ocean
127,2023-05-07,38.162,-13.488,100,19.08,37.86,2607.1,6.84,8.15,3.12,Pacific Ocean
128,2023-05-08,43.288,89.09,200,10.6,31.18,4975.4,3.17,7.78,4.72,Arabian Sea
129,2023-05-09,-59.166,-166.794,500,18.84,34.1,4521.3,4.07,7.66,4.18,Arabian Sea
130,2023-05-10,1.29,-89.123,1000,1.41,38.4,3493.6,4.01,8.14,3.09,Bay of Bengal
131,2023-05-11,-9.911,76.806,500,19.05,33.84,3277.5,7.87,8.1,4.75,Pacific Ocean
132,2023-05-12,-33.347,142.274,100,29.98,35.72,3482.6,7.14,7.68,3.03,Arabian Sea
133,2023-05-13,-45.616,4.204,500,-0.46,35.88,1805.2,6.21,8.21,5.36,Arabian Sea
134,2023-05-14,-19.486,11.561,1000,29.27,31.84,2580.6,6.36,7.96,3.92,Pacific Ocean
135,2023-05-15,53.149,-141.418,50,11.02,33.62,1157.8,5.37,8.17,3.12,Bay of Bengal
136,2023-05-16,-21.216,-18.932,100,25.86,33.35,2902.2,7.68,8.34,4.77,Bay of Bengal
137,2023-05-17,2.255,11.742,50,23.04,30.26,3172.1,4.98,7.67,4.19,Pacific Ocean
138,2023-05-18,24.362,-92.711,10,16.14,30.24,1911.0,4.28,7.52,5.92,Bay of Bengal
139,2023-05-19,-16.364,-83.072,50,21.63,38.32,4856.1,2.98,8.28,4.63,Arabian Sea
140,2023-05-20,56.614,-44.178,10,26.11,32.73,4637.8,6.72,8.11,3.83,Pacific Ocean
141,2023-05-21,55.494,-172.774,10,10.93,35.18,3888.6,6.41,8.2,5.13,Arabian Sea
142,2023-05-22,-29.786,-64.052,50,8.47,32.99,3133.5,4.31,8.34,3.81,Indian Ocean
143,2023-05-23,-0.33,-103.879,100,19.36,39.41,4479.9,2.15,8.3,5.71,Indian Ocean
144,2023-05-24,-23.895,-62.101,1000,23.85,32.59,1522.6,7.03,8.46,4.12,Bay of Bengal
145,2023-05-25,-25.819,-136.886,500,22.39,34.3,4162.0,2.07,8.04,4.65,Indian Ocean
146,2023-05-26,-55.574,140.59,500,23.53,38.73,1499.3,6.22,7.99,3.15,Arabian Sea
147,2023-05-27,13.148,33.693,1000,11.94,38.42,4176.8,7.82,7.9,4.28,Indian Ocean
148,2023-05-28,0.321,64.477,10,24.17,31.86,2103.1,4.63,7.65,5.5,Arabian Sea
149,2023-05-29,-53.823,104.102,10,1.85,38.03,4508.4,3.41,8.07,5.42,Bay of Bengal
150,2023-05-30,-26.562,-0.561,100,15.42,34.58,4776.2,6.23,7.78,3.67,Bay of Bengal
151,2023-05-31,48.992,-148.709,200,-1.82,34.83,1595.2,6.9,8.42,3.68,Arabian Sea
152,2023-06-01,-31.253,13.358,50,8.39,31.33,2850.7,5.28,8.08,5.45,Indian Ocean
153,2023-06-02,-42.613,31.263,10,9.73,30.81,4923.9,7.8,8.09,5.79,Bay of Bengal
154,2023-06-03,-1.266,88.358,500,10.68,37.28,2933.6,2.31,7.85,3.29,Pacific Ocean
155,2023-06-04,58.278,-24.603,100,20.25,34.96,4454.2,5.03,7.55,4.35,Bay of Bengal
156,2023-06-05,-30.953,-134.071,50,10.43,34.37,3354.9,6.31,7.53,4.01,Indian Ocean
157,2023-06-06,20.656,-77.841,100,12.36,37.3,2501.3,7.18,7.92,5.61,Pacific Ocean
158,2023-06-07,31.394,-49.29,50,5.6,37.66,2143.1,3.08,7.58,3.25,Indian Ocean
159,2023-06-08,-31.483,52.53,50,9.94,31.59,1812.9,6.8,8.11,3.63,Arabian Sea
160,2023-06-09,27.386,25.48,1000,5.27,36.1,4047.2,5.32,8.38,5.26,Pacific Ocean
161,2023-06-10,-15.866,-51.805,10,0.34,31.35,2546.2,4.38,8.38,3.15,Indian Ocean
162,2023-06-11,15.877,175.145,100,17.31,37.51,3045.1,2.79,8.16,4.48,Pacific Ocean
163,2023-06-12,16.024,38.079,100,19.38,36.57,2969.3,7.19,7.71,4.33,Indian Ocean
164,2023-06-13,4.293,-94.598,1000,17.82,39.57,3309.1,2.94,8.36,4.0,Pacific Ocean
165,2023-06-14,-49.165,-143.358,500,12.83,30.69,4462.3,3.86,8.39,4.18,Indian Ocean
166,2023-06-15,40.236,-124.971,500,10.15,30.57,4923.0,3.74,7.7,4.59,Arabian Sea
167,2023-06-16,-21.506,-91.455,10,25.63,32.82,2630.3,7.23,8.24,3.48,Pacific Ocean
168,2023-06-17,-37.618,-122.155,10,14.61,32.62,4310.1,6.04,7.79,4.72,Pacific Ocean
169,2023-06-18,-55.107,-112.836,200,13.33,32.47,4058.1,6.78,8.3,5.42,Pacific Ocean
170,2023-06-19,10.907,-77.366,1000,-1.18,39.06,3294.1,3.5,8.5,5.28,Pacific Ocean
171,2023-06-20,21.308,-117.586,500,8.92,32.5,4824.2,5.75,7.53,3.46,Arabian Sea
172,2023-06-21,-58.009,142.836,50,10.17,32.72,1801.9,5.43,8.4,3.45,Pacific Ocean
173,2023-06-22,1.451,-151.116,100,10.76,37.59,1437.1,7.0,8.12,3.8,Bay of Bengal
174,2023-06-23,-32.821,8.824,10,16.57,34.5,4415.8,7.44,8.47,4.08,Arabian Sea
175,2023-06-24,17.421,-32.257,100,15.08,37.77,2756.6,2.07,7.97,4.23,Bay of Bengal
176,2023-06-25,-39.076,173.656,100,17.45,30.65,4387.9,6.04,8.35,5.04,Pacific Ocean
177,2023-06-26,22.913,-139.666,200,22.48,34.88,4572.4,2.31,7.56,3.17,Indian Ocean
178,2023-06-27,-13.592,-36.772,500,24.02,30.34,1249.8,5.29,7.84,3.1,Bay of Bengal
179,2023-06-28,52.408,169.009,10,20.98,30.63,4533.9,3.73,7.57,4.18,Pacific Ocean
180,2023-06-29,-43.497,131.583,100,28.58,39.06,2793.3,3.84,8.48,5.09,Bay of Bengal
181,2023-06-30,-19.072,114.146,10,-1.42,31.39,3041.7,4.12,8.32,3.58,Pacific Ocean
182,2023-07-01,-46.383,-87.155,50,4.26,35.32,3506.4,5.73,8.35,4.92,Pacific Ocean
183,2023-07-02,50.963,-118.48,200,-1.76,34.11,4705.5,4.0,8.44,3.78,Pacific Ocean
184,2023-07-03,45.281,60.712,50,18.72,33.47,1076.5,6.4,7.59,5.66,Indian Ocean
185,2023-07-04,-29.047,154.575,10,26.74,39.0,2907.4,4.43,7.89,5.69,Bay of Bengal
186,2023-07-05,19.198,20.435,10,5.79,30.22,3750.9,2.41,7.57,3.89,Arabian Sea
187,2023-07-06,38.067,25.781,500,27.67,36.64,3890.8,6.7,7.71,3.69,Arabian Sea
188,2023-07-07,6.624,-79.208,100,-0.07,39.63,3770.1,3.71,7.73,4.23,Arabian Sea
189,2023-07-08,3.558,97.017,100,27.9,35.6,1537.7,4.6,7.97,3.72,Arabian Sea
190,2023-07-09,-30.978,-112.664,50,9.25,39.37,2197.6,6.11,7.77,5.02,Pacific Ocean
191,2023-07-10,-48.828,-63.475,200,1.25,30.52,2434.9,3.99,7.6,5.48,Bay of Bengal
192,2023-07-11,47.666,-26.843,1000,13.55,34.19,4217.7,2.34,7.67,5.02,Bay of Bengal
193,2023-07-12,48.05,2.74,100,6.22,32.6,2115.0,4.24,7.65,5.47,Indian Ocean
194,2023-07-13,15.972,-92.732,500,7.12,37.31,1842.8,7.67,8.47,4.19,Bay of Bengal
195,2023-07-14,-19.316,-138.659,50,7.83,39.81,4829.8,5.85,8.26,3.47,Bay of Bengal
196,2023-07-15,-18.095,39.823,50,23.7,32.57,1035.5,6.03,8.47,5.21,Bay of Bengal
197,2023-07-16,27.115,-76.093,1000,15.25,36.54,4991.3,5.79,7.94,4.08,Indian Ocean
198,2023-07-17,47.653,29.246,500,7.96,31.98,3707.3,3.19,7.78,5.01,Arabian Sea
199,2023-07-18,46.45,-124.429,200,17.53,35.65,4313.9,4.51,8.3,3.81,Bay of Bengal
200,2023-07-19,33.585,-6.79,500,20.92,34.64,2178.5,6.51,7.83,3.24,Indian Ocean
201,2023-07-20,17.044,11.732,200,6.72,39.72,1057.3,2.61,7.8,5.98,Indian Ocean
202,2023-07-21,-49.903,-161.344,500,11.23,36.09,3951.5,3.67,7.73,3.47,Pacific Ocean
203,2023-07-22,-40.605,-58.822,500,1.9,33.5,4336.6,3.66,7.63,5.97,Indian Ocean
204,2023-07-23,47.827,-131.611,10,3.8,31.14,3961.9,4.59,7.76,5.93,Arabian Sea
205,2023-07-24,12.771,-157.185,50,19.8,31.51,1571.4,7.88,7.86,5.38,Bay of Bengal
206,2023-07-25,-58.896,176.386,500,3.81,32.25,4013.7,2.41,8.17,4.98,Indian Ocean
207,2023-07-26,-47.823,-63.953,1000,14.81,32.51,4075.7,5.11,7.56,4.73,Arabian Sea
208,2023-07-27,19.62,111.555,500,20.69,38.51,3634.2,3.08,7.71,5.6,Indian Ocean
209,2023-07-28,-59.393,-88.329,100,1.42,35.61,4064.5,7.82,8.31,3.87,Indian Ocean
210,2023-07-29,-40.703,65.341,50,16.15,35.23,4383.7,2.68,7.65,4.4,Indian Ocean
211,2023-07-30,5.848,93.682,100,6.21,31.15,3454.4,4.42,7.84,4.86,Indian Ocean
212,2023-07-31,23.027,34.43,50,28.81,38.6,1354.4,6.43,8.36,4.23,Indian Ocean
213,2023-08-01,18.235,-10.233,100,13.47,37.23,2950.5,6.23,7.65,4.28,Arabian Sea
214,2023-08-02,-33.088,-31.737,500,23.79,30.68,1310.6,4.54,7.58,3.99,Bay of Bengal
215,2023-08-03,25.462,-54.407,500,15.61,37.08,2630.2,4.08,7.98,4.69,Bay of Bengal
216,2023-08-04,-31.53,154.63,10,-0.61,35.44,2628.4,4.39,7.8,5.55,Bay of Bengal
217,2023-08-05,-20.952,119.023,1000,18.26,30.82,1264.0,3.59,8.06,3.6,Bay of Bengal
218,2023-08-06,29.579,167.41,100,28.44,34.58,2395.3,3.23,8.3,5.8,Arabian Sea
219,2023-08-07,17.956,-135.253,200,17.25,34.85,1444.0,4.9,7.64,5.07,Pacific Ocean
220,2023-08-08,41.907,83.112,10,24.21,31.66,4232.9,3.61,8.08,5.47,Pacific Ocean
221,2023-08-09,18.914,157.803,100,26.29,39.46,4790.8,3.72,8.01,4.67,Arabian Sea
222,2023-08-10,8.197,-114.756,100,5.3,38.5,1289.3,5.94,7.64,5.34,Arabian Sea
223,2023-08-11,-48.759,-156.061,10,4.79,36.69,4820.5,7.81,8.12,3.05,Indian Ocean
224,2023-08-12,-15.874,86.803,500,17.55,34.62,3090.3,5.62,7.77,5.46,Indian Ocean
225,2023-08-13,-28.176,26.81,100,11.15,34.12,2198.3,2.46,7.99,3.12,Indian Ocean
226,2023-08-14,-30.721,123.058,500,24.88,36.51,1307.4,2.45,7.58,5.67,Bay of Bengal
227,2023-08-15,56.761,-129.682,10,26.8,35.45,3002.5,7.71,7.96,5.98,Indian Ocean
228,2023-08-16,-12.828,106.296,500,9.31,30.62,4178.1,3.78,7.81,3.88,Pacific Ocean
229,2023-08-17,47.046,-107.414,50,5.58,35.13,3828.3,2.55,8.32,3.63,Bay of Bengal
230,2023-08-18,15.737,-121.084,200,22.98,38.06,1200.9,5.59,7.56,5.3,Indian Ocean
231,2023-08-19,35.377,-120.864,100,6.79,34.59,1291.6,5.74,7.92,3.76,Bay of Bengal
232,2023-08-20,0.316,113.247,1000,24.32,30.52,2611.5,5.89,7.96,5.6,Pacific Ocean
233,2023-08-21,9.228,59.471,200,11.56,37.86,2181.2,3.6,8.23,3.31,Indian Ocean
234,2023-08-22,-0.898,8.304,500,19.36,32.01,1929.5,2.09,8.07,3.38,Pacific Ocean
235,2023-08-23,-36.571,-50.821,100,1.06,32.59,2124.0,7.79,8.17,5.94,Pacific Ocean
236,2023-08-24,26.694,135.792,500,17.96,31.65,4213.9,3.51,8.28,5.02,Pacific Ocean
237,2023-08-25,-26.307,-38.72,50,12.46,33.3,4716.9,6.06,8.36,5.54,Indian Ocean
238,2023-08-26,-57.082,113.976,10,16.77,37.57,2620.4,6.24,7.81,3.97,Arabian Sea
239,2023-08-27,17.457,-21.911,100,3.38,35.19,4624.4,5.66,8.04,5.03,Indian Ocean
240,2023-08-28,-38.747,-44.3,50,21.58,32.05,2286.0,3.88,8.34,4.78,Pacific Ocean
241,2023-08-29,52.855,-13.435,50,25.61,38.78,2905.7,3.63,8.49,4.81,Indian Ocean
242,2023-08-30,54.471,-71.504,100,4.94,38.8,1904.1,5.59,8.39,5.05,Pacific Ocean
243,2023-08-31,49.784,89.139,500,1.06,38.71,3561.9,7.2,7.87,4.73,Arabian Sea
244,2023-09-01,-15.581,0.979,1000,-1.24,32.39,4915.9,7.68,7.7,4.29,Bay of Bengal
245,2023-09-02,-58.145,-96.403,50,18.54,34.51,3414.0,2.64,7.99,3.83,Arabian Sea
246,2023-09-03,51.398,143.847,200,17.43,39.85,2431.3,2.93,8.24,5.31,Arabian Sea
247,2023-09-04,-8.618,-41.799,50,15.49,37.72,3591.3,7.67,7.99,3.68,Bay of Bengal
248,2023-09-05,55.999,15.679,1000,5.42,30.27,1491.7,6.42,7.98,5.08,Indian Ocean
249,2023-09-06,55.634,146.33,500,10.51,30.65,4554.6,7.3,8.34,3.7,Bay of Bengal
250,2023-09-07,42.361,44.726,500,17.02,34.64,3012.3,3.22,7.86,4.88,Indian Ocean
251,2023-09-08,-24.666,-137.917,200,13.9,39.09,2797.4,5.53,8.36,5.24,Indian Ocean
252,2023-09-09,-13.788,158.34,50,29.61,35.39,3343.5,6.21,7.91,3.66,Pacific Ocean
253,2023-09-10,42.136,45.975,500,2.37,34.98,3499.1,6.08,7.83,3.18,Pacific Ocean
254,2023-09-11,-21.969,-59.434,1000,20.24,31.05,1287.1,4.45,7.95,3.39,Bay of Bengal
255,2023-09-12,-39.661,-129.862,100,10.94,36.57,3730.5,2.09,8.26,4.82,Arabian Sea
256,2023-09-13,6.816,105.849,10,11.7,38.22,1967.7,5.5,7.63,5.55,Bay of Bengal
257,2023-09-14,52.339,43.226,10,20.96,33.8,3855.8,3.52,7.7,3.13,Indian Ocean
258,2023-09-15,23.524,12.046,10,20.16,37.76,4290.1,4.7,8.45,5.2,Pacific Ocean
259,2023-09-16,8.407,141.801,50,29.72,39.64,4215.8,7.75,7.68,4.02,Bay of Bengal
260,2023-09-17,-48.339,103.895,200,2.11,32.04,3210.0,4.39,8.07,4.44,Bay of Bengal
261,2023-09-18,13.801,-125.397,500,1.33,35.23,3080.7,7.04,8.08,5.79,Pacific Ocean
262,2023-09-19,58.806,-67.78,100,21.18,32.87,1571.5,3.13,7.99,4.0,Pacific Ocean
263,2023-09-20,-43.19,-90.544,1000,16.51,37.93,4101.4,6.03,8.14,4.4,Pacific Ocean
264,2023-09-21,2.2,87.821,100,6.77,35.78,2085.6,7.86,7.73,3.04,Indian Ocean
265,2023-09-22,45.285,-167.928,1000,0.54,36.35,2986.8,2.61,8.05,3.24,Pacific Ocean
266,2023-09-23,28.892,25.16,50,0.74,37.98,2137.1,2.05,7.87,3.78,Arabian Sea
267,2023-09-24,23.642,94.485,10,26.61,33.96,1535.3,4.6,8.16,3.08,Bay of Bengal
268,2023-09-25,24.298,135.636,50,4.14,39.15,3518.2,2.56,7.64,4.89,Pacific Ocean
269,2023-09-26,-16.861,-56.851,200,8.35,35.33,1217.3,6.49,8.07,4.28,Pacific Ocean
270,2023-09-27,-24.769,115.653,200,5.25,31.58,3994.6,7.49,7.69,4.64,Indian Ocean
271,2023-09-28,37.123,-140.173,1000,9.36,36.96,2270.3,4.6,7.78,3.52,Indian Ocean
272,2023-09-29,37.214,124.723,500,0.22,37.93,1000.5,3.55,7.72,3.89,Bay of Bengal
273,2023-09-30,44.049,-134.104,500,14.61,33.17,3044.5,4.61,7.68,4.99,Arabian Sea
274,2023-10-01,49.589,-36.977,1000,0.16,38.57,1187.4,6.34,8.33,5.9,Bay of Bengal
275,2023-10-02,1.361,107.026,200,23.61,39.06,2104.7,2.05,7.79,3.15,Pacific Ocean
276,2023-10-03,0.182,-126.03,200,5.48,32.77,3827.9,5.54,8.43,5.67,Arabian Sea
277,2023-10-04,35.795,-97.469,200,15.28,39.84,1250.8,5.68,8.47,4.73,Arabian Sea
278,2023-10-05,17.996,80.011,50,26.16,31.41,4357.4,5.83,8.07,4.69,Arabian Sea
279,2023-10-06,24.236,79.213,200,18.83,32.02,1015.3,3.45,7.64,4.5,Arabian Sea
280,2023-10-07,35.495,50.813,100,15.05,31.84,1987.3,6.28,7.87,3.21,Bay of Bengal
281,2023-10-08,46.801,69.821,10,8.38,38.94,3963.6,2.55,8.3,3.27,Indian Ocean
282,2023-10-09,-19.441,15.381,200,8.66,36.54,2265.1,3.2,7.87,4.8,Indian Ocean
283,2023-10-10,-14.93,-89.352,1000,19.42,31.52,1407.6,7.26,7.59,4.02,Pacific Ocean
284,2023-10-11,-48.722,-55.549,10,29.81,34.4,2440.9,6.43,8.06,5.75,Indian Ocean
285,2023-10-12,9.394,-114.625,50,19.18,36.15,2081.6,2.08,8.35,4.22,Indian Ocean
286,2023-10-13,-55.687,147.042,1000,15.85,30.83,4370.8,3.49,8.3,3.43,Indian Ocean
287,2023-10-14,-4.128,30.021,10,21.38,38.82,2253.4,3.29,7.68,5.14,Indian Ocean
288,2023-10-15,5.117,-35.693,1000,12.89,38.04,4155.7,3.62,8.17,3.88,Pacific Ocean
289,2023-10-16,-25.615,-13.678,50,-0.08,35.05,4567.5,3.49,7.72,4.58,Bay of Bengal
290,2023-10-17,10.9,161.022,100,15.99,39.67,2735.3,2.38,7.72,5.09,Arabian Sea
291,2023-10-18,-56.34,-124.793,50,28.64,34.18,4639.8,4.75,8.37,5.7,Indian Ocean
292,2023-10-19,-55.518,31.043,50,3.61,39.84,2509.3,6.4,7.75,5.38,Bay of Bengal
293,2023-10-20,38.712,2.12,1000,20.08,36.68,4856.3,5.64,7.76,5.03,Indian Ocean
294,2023-10-21,-16.777,40.124,500,4.43,36.35,1357.2,6.04,7.5,5.04,Indian Ocean
295,2023-10-22,-44.753,-173.48,200,15.15,31.66,3748.1,2.49,8.37,5.84,Arabian Sea
296,2023-10-23,2.669,133.965,200,1.09,38.82,2975.3,7.71,8.29,3.89,Arabian Sea
297,2023-10-24,32.399,155.563,100,12.41,34.27,2550.6,7.03,8.13,3.0,Arabian Sea
298,2023-10-25,-34.101,23.448,100,22.2,31.62,3530.8,6.83,8.25,3.82,Indian Ocean
299,2023-10-26,14.747,70.794,200,9.12,30.13,3815.4,6.94,7.65,3.65,Indian Ocean
300,2023-10-27,-49.758,152.1,500,19.28,35.6,1017.5,7.6,7.96,4.99,Indian Ocean
301,2023-10-28,-53.798,74.606,200,23.45,35.27,1667.8,5.27,7.85,4.9,Arabian Sea
302,2023-10-29,3.763,-125.086,500,27.67,37.19,3852.2,3.2,7.59,4.78,Pacific Ocean
303,2023-10-30,4.876,27.464,100,5.51,38.9,3665.5,5.7,7.99,3.05,Bay of Bengal
304,2023-10-31,16.492,38.417,10,10.78,30.79,4864.2,6.46,8.42,5.19,Pacific Ocean
305,2023-11-01,27.131,-27.313,1000,2.88,37.31,4044.2,6.43,7.54,3.97,Indian Ocean
306,2023-11-02,57.102,85.12,100,29.76,31.87,4803.1,5.13,7.79,5.0,Indian Ocean
307,2023-11-03,1.956,156.372,100,27.66,38.58,3810.2,2.41,7.71,4.67,Pacific Ocean
308,2023-11-04,-21.245,153.205,50,15.28,38.19,2192.2,4.23,7.74,4.03,Indian Ocean
309,2023-11-05,35.422,-17.698,50,24.95,35.41,1421.5,7.52,8.41,3.4,Bay of Bengal
310,2023-11-06,-27.5,-139.234,50,14.67,37.1,4127.3,5.51,7.97,3.28,Indian Ocean
311,2023-11-07,-7.323,174.543,1000,17.95,33.14,3576.6,5.23,7.97,5.49,Bay of Bengal
312,2023-11-08,-50.585,122.003,50,0.85,34.71,1192.7,3.61,8.26,5.76,Pacific Ocean
313,2023-11-09,-56.958,-135.121,500,22.17,38.22,2440.2,4.21,7.65,4.95,Pacific Ocean
314,2023-11-10,55.518,151.503,200,2.09,34.59,4827.2,7.37,7.99,3.31,Indian Ocean
315,2023-11-11,40.318,133.163,10,24.43,33.58,3001.6,6.0,7.93,4.21,Bay of Bengal
316,2023-11-12,23.517,6.782,100,23.02,34.94,2730.9,6.72,8.1,5.19,Indian Ocean
317,2023-11-13,-10.926,32.859,500,20.68,38.28,2830.8,4.73,8.5,5.34,Arabian Sea
318,2023-11-14,-39.205,-36.359,10,-0.84,33.35,1835.5,5.78,8.27,3.35,Arabian Sea
319,2023-11-15,-41.228,-160.286,500,7.7,31.74,2474.8,3.49,7.9,3.0,Arabian Sea
320,2023-11-16,-29.971,-59.329,500,6.42,37.12,2479.3,6.23,8.33,5.14,Arabian Sea
321,2023-11-17,5.907,109.027,100,9.52,38.26,1209.4,4.57,7.67,4.07,Indian Ocean
322,2023-11-18,25.752,-178.332,200,0.8,31.01,4070.3,4.66,7.53,3.76,Arabian Sea
323,2023-11-19,19.224,-59.94,50,27.98,32.4,2666.0,5.9,7.7,3.04,Bay of Bengal
324,2023-11-20,-26.408,-36.659,1000,15.72,31.42,4288.7,7.62,7.84,4.62,Pacific Ocean
325,2023-11-21,54.584,13.462,200,7.78,33.48,4401.4,2.38,8.01,5.55,Pacific Ocean
326,2023-11-22,28.548,151.148,1000,10.7,34.5,1848.0,6.95,8.12,5.87,Arabian Sea
327,2023-11-23,6.522,-55.315,100,12.31,37.49,3629.4,3.75,8.41,4.7,Arabian Sea
328,2023-11-24,13.406,-55.097,100,17.22,36.51,2889.1,4.66,8.01,4.54,Arabian Sea
329,2023-11-25,-9.648,85.5,100,14.5,36.21,4520.6,2.13,8.0,3.26,Indian Ocean
330,2023-11-26,-30.272,-17.202,10,27.42,33.52,1863.0,3.81,7.55,4.65,Pacific Ocean
331,2023-11-27,-17.283,-99.142,1000,13.9,38.41,3711.3,5.02,7.53,4.14,Arabian Sea
332,2023-11-28,30.942,-17.122,200,29.75,34.71,3431.0,2.34,8.05,4.82,Bay of Bengal
333,2023-11-29,-58.273,-129.291,200,25.25,39.79,2181.2,4.95,7.94,4.17,Arabian Sea
334,2023-11-30,-46.071,-116.501,500,4.67,36.34,1546.4,7.56,8.34,3.72,Pacific Ocean
335,2023-12-01,-54.48,-0.588,500,27.78,31.26,3606.6,2.63,7.66,3.28,Arabian Sea
336,2023-12-02,-55.113,-29.187,500,1.72,36.76,3954.4,6.59,7.52,3.94,Pacific Ocean
337,2023-12-03,42.655,149.345,100,24.16,33.25,2262.5,4.46,7.95,3.29,Arabian Sea
338,2023-12-04,24.439,-49.538,200,10.18,36.86,3579.3,5.93,7.74,3.53,Bay of Bengal
339,2023-12-05,-3.099,29.012,1000,26.1,30.7,2580.5,3.56,7.55,5.96,Arabian Sea
340,2023-12-06,-48.26,47.615,100,25.78,31.75,3852.8,2.96,8.22,4.33,Bay of Bengal
341,2023-12-07,-1.006,-175.286,10,23.79,38.56,1796.9,2.96,7.61,4.6,Bay of Bengal
342,2023-12-08,-3.183,58.873,500,23.28,32.27,4560.9,2.42,8.11,5.62,Arabian Sea
343,2023-12-09,-39.216,-115.907,100,7.75,38.37,2149.6,3.11,7.78,5.99,Bay of Bengal
344,2023-12-10,-7.938,165.985,100,0.59,32.79,2471.1,5.99,7.67,4.75,Indian Ocean
345,2023-12-11,-12.179,-126.481,10,10.9,36.43,1232.4,7.29,7.88,5.44,Arabian Sea
346,2023-12-12,13.902,-30.735,50,3.55,36.94,1446.0,6.88,8.3,3.98,Arabian Sea
347,2023-12-13,16.211,-149.274,200,20.24,35.13,3063.4,6.11,7.89,3.92,Bay of Bengal
348,2023-12-14,-54.564,178.875,1000,9.08,33.05,2070.4,2.66,8.25,4.21,Bay of Bengal
349,2023-12-15,-15.046,0.79,50,29.22,32.13,4341.9,3.74,7.63,5.02,Arabian Sea
350,2023-12-16,15.103,34.339,500,18.51,30.33,1058.8,3.86,8.27,5.05,Indian Ocean
351,2023-12-17,0.376,-155.852,100,24.32,33.04,2516.4,3.5,7.74,3.95,Bay of Bengal
352,2023-12-18,42.779,89.986,10,2.24,36.53,2349.4,5.09,8.18,3.4,Bay of Bengal
353,2023-12-19,19.043,-104.434,10,25.58,39.38,1077.3,5.21,8.07,4.9,Pacific Ocean
354,2023-12-20,-40.448,143.3,200,27.53,38.71,1497.5,4.14,8.43,3.38,Indian Ocean
355,2023-12-21,-51.532,-106.15,50,13.59,37.66,2654.6,4.12,7.89,4.74,Indian Ocean
356,2023-12-22,17.09,-111.352,200,17.4,37.88,2971.5,6.97,7.57,5.08,Arabian Sea
357,2023-12-23,-56.819,-166.842,100,22.47,36.65,2617.2,6.74,7.52,5.1,Indian Ocean
358,2023-12-24,10.293,-10.056,200,3.59,32.6,3123.8,3.85,8.33,5.26,Arabian Sea
359,2023-12-25,52.828,23.343,1000,14.08,39.07,3380.5,7.48,8.02,5.62,Pacific Ocean
360,2023-12-26,9.057,-156.345,10,10.76,36.71,1039.7,7.72,8.28,4.5,Indian Ocean
361,2023-12-27,-13.42,99.19,10,2.68,35.6,2856.4,3.96,7.73,5.19,Bay of Bengal
362,2023-12-28,17.195,-16.816,500,9.76,31.11,4854.0,4.13,7.85,4.86,Pacific Ocean
363,2023-12-29,-5.01,8.78,500,0.18,34.47,3076.1,5.03,7.53,3.56,Arabian Sea
364,2023-12-30,5.474,-21.325,100,-1.17,34.6,3710.2,7.65,8.46,3.08,Pacific Ocean
365,2023-12-31,52.976,-35.725,1000,2.33,38.65,2247.5,7.26,8.17,3.85,Arabian Sea
366,2024-01-01,-13.668,21.471,50,28.82,35.47,4096.0,2.62,8.43,4.33,Pacific Ocean
367,2024-01-02,55.343,-124.114,200,15.58,33.8,4091.7,4.36,7.77,4.85,Arabian Sea
368,2024-01-03,48.642,-114.506,100,28.91,39.77,3085.2,5.32,8.11,5.55,Indian Ocean
369,2024-01-04,-36.505,130.243,500,11.84,31.11,4904.1,5.02,8.18,3.59,Bay of Bengal
370,2024-01-05,-51.677,160.602,200,7.98,34.23,1502.2,3.16,7.82,3.38,Arabian Sea
371,2024-01-06,-47.907,-45.609,500,14.2,30.42,1067.8,7.15,8.35,5.89,Pacific Ocean
372,2024-01-07,-57.813,-82.532,200,12.06,37.4,4080.6,6.06,8.45,3.32,Arabian Sea
373,2024-01-08,-48.667,51.84,50,1.38,39.18,4228.6,7.03,8.38,4.44,Arabian Sea
374,2024-01-09,21.961,-32.856,100,18.51,32.8,1480.8,7.15,8.24,4.76,Arabian Sea
375,2024-01-10,-51.457,-170.861,200,4.91,38.58,2062.3,6.49,7.78,4.62,Pacific Ocean
376,2024-01-11,-21.723,-123.785,1000,17.83,32.92,1070.2,4.64,7.78,3.26,Bay of Bengal
377,2024-01-12,41.385,77.75,10,18.81,39.11,2173.2,5.66,8.46,3.17,Indian Ocean
378,2024-01-13,-57.207,57.213,1000,2.86,37.54,4092.6,2.96,7.51,3.32,Bay of Bengal
379,2024-01-14,37.736,-170.245,1000,-0.04,38.05,3071.8,6.04,8.22,4.76,Arabian Sea
380,2024-01-15,-26.177,-100.09,10,22.98,30.18,2392.4,3.08,8.21,4.63,Pacific Ocean
381,2024-01-16,-45.82,-96.813,1000,12.71,39.63,2487.0,6.16,8.12,3.7,Bay of Bengal
382,2024-01-17,23.608,61.881,200,-0.14,37.27,1005.4,3.38,8.49,4.91,Arabian Sea
383,2024-01-18,15.473,-172.904,200,29.84,33.05,2199.2,2.71,7.81,5.46,Indian Ocean
384,2024-01-19,45.297,-142.521,200,-0.15,38.29,3585.8,2.99,7.84,3.12,Indian Ocean
385,2024-01-20,28.209,107.97,10,20.24,32.82,4896.8,2.01,7.58,4.49,Indian Ocean
386,2024-01-21,36.418,-115.724,1000,29.48,38.73,4388.2,6.31,7.94,5.07,Arabian Sea
387,2024-01-22,-26.156,54.989,10,5.65,31.13,1094.4,6.39,7.76,3.76,Pacific Ocean
388,2024-01-23,-38.707,-94.254,200,2.55,37.04,4594.2,5.09,7.84,3.92,Bay of Bengal
389,2024-01-24,30.074,-144.201,1000,1.88,35.41,4132.8,2.97,8.33,4.84,Indian Ocean
390,2024-01-25,36.82,-92.458,1000,7.7,30.97,4121.5,2.5,8.44,5.69,Arabian Sea
391,2024-01-26,58.861,80.016,500,1.23,32.42,2832.0,2.11,7.69,5.43,Arabian Sea
392,2024-01-27,-10.486,128.051,500,20.15,30.12,2592.0,2.99,7.87,4.75,Bay of Bengal
393,2024-01-28,-15.358,118.879,50,-0.01,34.69,2211.7,7.35,8.43,5.19,Indian Ocean
394,2024-01-29,33.17,-37.014,100,14.3,33.01,1262.8,3.45,7.56,4.09,Arabian Sea
395,2024-01-30,-19.104,60.511,500,29.89,35.98,1912.9,4.13,7.59,4.92,Bay of Bengal
396,2024-01-31,51.691,-106.206,10,24.05,32.97,1986.4,2.63,7.66,4.4,Pacific Ocean
397,2024-02-01,43.01,-74.467,500,17.69,33.0,2936.3,3.33,8.1,3.57,Pacific Ocean
398,2024-02-02,-8.521,142.681,50,7.8,37.43,3989.8,5.12,7.65,5.11,Pacific Ocean
399,2024-02-03,30.105,-175.319,1000,17.96,30.48,2895.2,5.65,8.47,4.67,Indian Ocean
400,2024-02-04,30.545,-149.217,50,14.87,39.03,1231.4,3.47,7.95,4.08,Bay of Bengal
401,2024-02-05,-47.625,-105.161,1000,11.63,38.52,4831.2,2.35,8.0,5.73,Bay of Bengal
402,2024-02-06,48.306,-170.448,1000,2.18,36.68,4770.9,4.35,7.75,3.06,Arabian Sea
403,2024-02-07,0.63,-114.683,100,26.37,35.93,4140.8,3.41,7.97,3.95,Arabian Sea
404,2024-02-08,39.175,29.895,500,12.39,38.92,4965.3,3.32,8.16,3.17,Arabian Sea
405,2024-02-09,-21.594,-28.287,10,4.23,31.85,3177.9,7.76,8.25,5.3,Bay of Bengal
406,2024-02-10,47.463,141.362,10,9.77,30.79,4851.1,5.7,8.25,5.11,Arabian Sea
407,2024-02-11,-13.296,114.28,200,11.25,32.4,1302.4,5.34,8.08,3.99,Bay of Bengal
408,2024-02-12,-58.699,-56.946,1000,24.48,37.95,2462.7,4.49,8.4,5.03,Bay of Bengal
409,2024-02-13,48.646,-86.608,10,21.48,30.35,1901.5,4.57,8.32,4.19,Pacific Ocean
410,2024-02-14,-49.046,-43.311,100,22.62,35.83,1783.3,5.25,8.26,5.27,Arabian Sea
411,2024-02-15,-21.682,32.506,1000,-1.65,39.95,1563.2,6.18,7.56,4.36,Pacific Ocean
412,2024-02-16,54.007,-83.497,100,11.32,38.56,3489.7,6.21,7.51,4.24,Indian Ocean
413,2024-02-17,54.073,44.694,10,13.4,35.21,4125.3,3.03,7.71,5.8,Indian Ocean
414,2024-02-18,8.813,-32.612,10,-1.39,30.64,3313.2,5.0,8.16,3.75,Indian Ocean
415,2024-02-19,15.82,18.737,200,6.31,38.31,1587.9,4.47,7.91,3.36,Bay of Bengal
416,2024-02-20,-6.187,-22.994,10,22.33,35.99,4244.5,7.22,7.9,4.75,Bay of Bengal
417,2024-02-21,-24.815,-73.992,1000,2.39,31.15,3543.8,5.79,8.38,5.91,Bay of Bengal
418,2024-02-22,-20.56,161.443,1000,15.13,30.94,2552.7,5.2,8.4,4.13,Arabian Sea
419,2024-02-23,20.702,94.898,1000,4.89,39.1,3696.5,2.69,8.41,3.19,Pacific Ocean
420,2024-02-24,30.285,-129.559,200,-1.61,36.69,2039.6,5.63,7.81,4.02,Bay of Bengal
421,2024-02-25,34.989,132.648,200,5.72,38.29,2380.8,2.7,8.19,4.52,Pacific Ocean
422,2024-02-26,34.754,-4.525,10,29.23,38.79,4669.9,4.02,7.77,3.49,Pacific Ocean
423,2024-02-27,-49.055,142.039,50,23.65,35.72,2162.0,2.86,7.69,4.97,Pacific Ocean
424,2024-02-28,-0.67,107.948,50,28.71,35.17,2880.0,6.15,7.68,5.99,Arabian Sea
425,2024-02-29,-53.093,-26.923,200,13.61,34.3,4560.6,3.24,7.84,4.36,Arabian Sea
426,2024-03-01,5.943,-171.911,10,1.51,33.17,3830.9,4.35,7.93,4.06,Indian Ocean
427,2024-03-02,-7.016,-83.276,50,15.53,34.35,1248.8,7.37,8.33,4.2,Indian Ocean
428,2024-03-03,46.525,14.988,10,12.54,37.74,1589.2,3.23,7.62,3.35,Pacific Ocean
429,2024-03-04,-17.89,48.052,10,25.02,36.02,1031.4,5.05,8.23,5.65,Indian Ocean
430,2024-03-05,-45.952,-87.16,10,1.14,38.93,3523.7,4.52,8.03,4.24,Pacific Ocean
431,2024-03-06,-42.841,-129.832,500,13.62,34.43,2790.7,2.11,7.79,4.16,Arabian Sea
432,2024-03-07,31.381,120.575,1000,2.8,36.07,1537.1,6.76,7.99,4.98,Arabian Sea
433,2024-03-08,14.186,174.385,10,8.39,36.31,4831.7,2.41,7.8,4.33,Arabian Sea
434,2024-03-09,-47.865,9.248,500,21.6,35.92,3118.6,4.85,8.1,4.94,Bay of Bengal
435,2024-03-10,-49.907,-118.195,200,13.23,37.03,1967.6,5.36,7.93,3.18,Pacific Ocean
436,2024-03-11,24.116,-81.969,50,10.03,32.37,3002.4,5.77,7.66,5.44,Arabian Sea
437,2024-03-12,-51.268,-173.379,1000,10.62,35.12,3718.5,6.13,7.62,5.82,Pacific Ocean
438,2024-03-13,38.623,149.148,50,12.7,31.04,1305.0,3.52,8.05,4.95,Indian Ocean
439,2024-03-14,24.749,-137.61,1000,23.12,33.85,2098.8,2.06,8.4,5.86,Indian Ocean
440,2024-03-15,-50.238,27.546,50,26.55,34.88,4227.9,6.34,7.84,3.45,Arabian Sea
441,2024-03-16,-49.819,-81.34,1000,28.57,36.52,2838.7,5.21,8.23,4.43,Pacific Ocean
442,2024-03-17,58.397,19.504,50,23.18,39.51,3186.3,7.02,8.16,4.81,Arabian Sea
443,2024-03-18,-15.088,54.511,50,8.09,36.01,2731.3,6.93,8.43,4.75,Indian Ocean
444,2024-03-19,-15.523,118.707,50,20.02,37.44,1175.6,7.06,8.32,4.2,Arabian Sea
445,2024-03-20,37.536,-105.688,50,12.0,35.06,1663.0,4.91,8.07,4.01,Pacific Ocean
446,2024-03-21,53.67,-176.042,200,6.15,36.34,2782.2,4.0,8.16,3.38,Indian Ocean
447,2024-03-22,58.32,-130.721,10,24.91,30.71,1836.7,6.75,8.4,4.18,Bay of Bengal
448,2024-03-23,30.405,144.007,100,-0.77,32.54,1199.9,4.71,7.9,3.49,Indian Ocean
449,2024-03-24,-14.849,134.6,500,26.86,33.62,4374.6,3.1,7.83,5.2,Bay of Bengal
450,2024-03-25,-49.98,35.069,100,12.77,34.72,4924.8,7.13,7.51,3.63,Arabian Sea
451,2024-03-26,33.258,36.186,100,18.39,30.46,4172.6,7.3,8.33,3.18,Arabian Sea
452,2024-03-27,7.009,59.413,1000,19.1,31.4,4415.1,4.8,8.3,4.66,Pacific Ocean
453,2024-03-28,-9.093,-116.866,10,26.64,32.77,1967.9,2.45,7.6,4.79,Bay of Bengal
454,2024-03-29,48.763,149.188,1000,18.37,39.72,4842.5,4.33,8.08,5.62,Arabian Sea
455,2024-03-30,-46.656,-29.243,10,17.65,33.31,1787.7,6.82,7.96,4.73,Bay of Bengal
456,2024-03-31,-0.885,-42.07,10,0.13,34.82,4805.7,7.41,7.62,4.04,Arabian Sea
457,2024-04-01,-58.638,6.81,50,14.59,31.96,4979.3,3.22,8.48,5.41,Indian Ocean
458,2024-04-02,-3.761,-163.092,200,2.81,36.11,3846.9,2.4,7.71,4.62,Arabian Sea
459,2024-04-03,-53.244,-120.138,50,21.6,32.81,4924.6,7.26,7.57,3.24,Pacific Ocean
460,2024-04-04,-45.742,85.692,200,14.39,32.07,3278.2,4.34,8.09,4.7,Indian Ocean
461,2024-04-05,-45.897,-150.192,1000,19.77,35.17,2038.2,5.25,8.24,5.72,Pacific Ocean
462,2024-04-06,17.905,37.135,200,-0.67,30.06,2748.0,7.81,7.53,4.19,Indian Ocean
463,2024-04-07,29.525,-91.674,1000,0.71,30.08,3374.2,2.4,8.16,3.89,Bay of Bengal
464,2024-04-08,10.004,-39.854,100,20.92,32.19,1292.3,5.89,8.03,3.43,Pacific Ocean
465,2024-04-09,55.461,-76.07,100,0.31,30.37,3489.4,2.44,7.6,3.45,Arabian Sea
466,2024-04-10,-15.016,-51.958,200,0.28,31.08,4924.7,4.25,7.67,4.3,Bay of Bengal
467,2024-04-11,-25.715,78.857,200,-1.61,33.39,1760.4,6.82,8.07,4.79,Arabian Sea
468,2024-04-12,44.232,-73.036,1000,28.61,38.03,4170.4,4.6,7.8,3.24,Indian Ocean
469,2024-04-13,-33.168,23.906,50,21.6,35.72,4631.6,7.98,8.44,5.82,Indian Ocean
470,2024-04-14,55.587,-8.622,1000,9.3,35.13,4774.8,5.35,8.32,5.27,Arabian Sea
471,2024-04-15,-58.541,58.922,50,7.49,32.93,4840.5,3.93,8.48,4.76,Arabian Sea
472,2024-04-16,56.385,157.259,100,9.19,39.32,3085.8,3.32,7.76,5.49,Bay of Bengal
473,2024-04-17,-54.821,83.726,10,22.79,33.97,4909.2,4.1,8.47,3.24,Arabian Sea
474,2024-04-18,46.937,-102.621,200,19.16,30.87,4029.2,4.24,7.93,4.43,Pacific Ocean
475,2024-04-19,3.324,-168.774,50,3.93,36.17,1646.7,2.41,7.85,4.89,Pacific Ocean
476,2024-04-20,59.156,-85.585,1000,3.57,31.14,2907.6,4.22,7.55,5.49,Arabian Sea
477,2024-04-21,-51.144,34.228,100,1.15,33.45,3873.3,4.79,7.55,5.35,Pacific Ocean
478,2024-04-22,6.463,-161.487,50,19.13,35.07,1989.4,6.34,8.19,3.83,Arabian Sea
479,2024-04-23,56.316,-1.308,1000,22.46,38.74,3562.5,5.94,7.96,5.82,Bay of Bengal
480,2024-04-24,2.772,34.863,200,6.48,34.94,3666.4,6.25,7.73,3.37,Pacific Ocean
481,2024-04-25,15.528,-59.672,200,-1.33,37.02,1650.8,2.05,8.11,5.63,Pacific Ocean
482,2024-04-26,23.49,97.528,500,0.63,39.93,3260.3,3.31,7.75,5.91,Arabian Sea
483,2024-04-27,-5.455,-141.625,10,28.97,31.31,4086.5,5.97,8.08,3.53,Pacific Ocean
484,2024-04-28,15.307,-152.95,500,7.45,32.75,2995.6,4.9,7.86,5.17,Indian Ocean
485,2024-04-29,10.118,82.148,100,22.62,33.95,1048.4,2.03,8.32,3.12,Bay of Bengal
486,2024-04-30,48.139,-1.623,50,17.99,34.22,1036.2,6.83,8.32,4.22,Bay of Bengal
487,2024-05-01,-54.546,67.825,100,10.22,34.11,2428.1,6.64,7.98,4.55,Pacific Ocean
488,2024-05-02,-26.284,-23.462,1000,4.58,39.08,4704.8,5.29,7.85,4.74,Pacific Ocean
489,2024-05-03,54.049,-91.295,200,1.88,37.14,1914.7,2.4,7.86,5.81,Indian Ocean
490,2024-05-04,46.832,114.877,500,17.68,36.08,3537.5,6.6,8.31,5.02,Indian Ocean
491,2024-05-05,-5.321,107.79,500,22.79,33.09,1888.3,5.5,7.83,4.44,Pacific Ocean
492,2024-05-06,14.416,70.091,500,18.6,38.24,2286.7,6.69,7.71,5.43,Pacific Ocean
493,2024-05-07,-26.714,-82.028,100,14.97,39.55,4392.2,6.51,7.58,5.85,Indian Ocean
494,2024-05-08,-37.425,32.483,200,-0.66,38.21,3915.4,6.82,7.97,3.07,Arabian Sea
495,2024-05-09,-4.356,-50.049,50,28.99,30.02,1381.6,5.11,7.98,5.95,Indian Ocean
496,2024-05-10,-17.598,-147.03,1000,23.56,36.36,2714.8,2.84,8.34,3.26,Arabian Sea
497,2024-05-11,10.039,150.233,50,7.37,30.51,1116.7,6.03,7.72,5.44,Bay of Bengal
498,2024-05-12,-50.672,-130.745,100,29.36,32.58,2923.6,5.72,7.88,3.84,Bay of Bengal
499,2024-05-13,56.927,162.085,1000,17.26,30.6,3649.7,6.45,8.31,3.4,Indian Ocean
500,2024-05-14,58.345,-19.438,500,16.64,36.04,1474.0,3.02,8.32,4.32,Arabian Sea
